name,frequency
Smith,2501922
Johnson,2014470
Williams,1738413
Jones,1544427
Brown,1544427
Davis,1193760
Miller,1054488
Wilson,843093
Moore,775944
Taylor,773457
Anderson,773457
Thomas,773457
Jackson,770970
White,693873
Harris,683925
Martin,678951
Thompson,669003
Garcia,631698
Martinez,581958
Robinson,579471
Clark,574497
Rodriguez,569523
Lewis,562062
Lee,547140
Walker,544653
Hall,497400
Allen,494913
Young,479991
Hernandez,477504
King,472530
Wright,470043
Lopez,465069
Hill,465069
Scott,460095
Green,455121
Adams,432738
Baker,425277
Gonzalez,412842
Nelson,402894
Carter,402894
Mitchell,397920
Perez,385485
Roberts,380511
Turner,378024
Phillips,370563
Campbell,370563
Parker,363102
Evans,350667
Edwards,340719
Collins,333258
Stewart,330771
Sanchez,323310
Morris,310875
Rogers,305901
Reed,303414
Cook,298440
Morgan,293466
Bell,290979
Murphy,290979
Bailey,286005
Rivera,281031
Cooper,281031
Richardson,278544
Cox,273570
Howard,273570
Ward,268596
Torres,268596
Peterson,266109
Gray,263622
Ramirez,261135
James,261135
Watson,256161
Brooks,256161
Kelly,253674
Sanders,248700
Price,246213
Bennett,246213
Wood,243726
Barnes,241239
Ross,238752
Henderson,236265
Coleman,236265
Jenkins,236265
Perry,233778
Powell,231291
Long,228804
Patterson,228804
Hughes,228804
Flores,228804
Washington,228804
Butler,226317
Simmons,226317
Foster,226317
Gonzales,216369
Bryant,216369
Alexander,211395
Russell,211395
Griffin,208908
Diaz,208908
Hayes,206421
Myers,206421
Ford,203934
Hamilton,203934
Graham,203934
Sullivan,201447
Wallace,201447
Woods,198960
Cole,198960
West,198960
Jordan,193986
Owens,193986
Reynolds,193986
Fisher,191499
Ellis,191499
Harrison,189012
Gibson,186525
Mcdonald,186525
Cruz,186525
Marshall,186525
Ortiz,186525
Gomez,186525
Murray,184038
Freeman,184038
Wells,181551
Webb,179064
Simpson,174090
Stevens,174090
Tucker,174090
Porter,171603
Hunter,171603
Hicks,171603
Crawford,169116
Henry,169116
Boyd,169116
Mason,169116
Morales,166629
Kennedy,166629
Warren,166629
Dixon,164142
Ramos,164142
Reyes,164142
Burns,161655
Gordon,161655
Shaw,161655
Holmes,161655
Rice,159168
Robertson,159168
Hunt,156681
Black,156681
Daniels,154194
Palmer,154194
Mills,151707
Nichols,149220
Grant,149220
Knight,149220
Ferguson,146733
Rose,146733
Stone,146733
Hawkins,146733
Dunn,144246
Perkins,144246
Hudson,144246
Spencer,141759
Gardner,141759
Stephens,141759
Payne,141759
Pierce,139272
Berry,139272
Matthews,139272
Arnold,139272
Wagner,136785
Willis,136785
Ray,136785
Watkins,136785
Olson,136785
Carroll,136785
Duncan,136785
Snyder,136785
Hart,134298
Cunningham,134298
Bradley,134298
Lane,134298
Andrews,134298
Ruiz,134298
Harper,134298
Fox,131811
Riley,131811
Armstrong,131811
Carpenter,131811
Weaver,131811
Greene,131811
Lawrence,129324
Elliott,129324
Chavez,129324
Sims,129324
Austin,129324
Peters,129324
Kelley,129324
Franklin,126837
Lawson,126837
Fields,126837
Gutierrez,126837
Ryan,126837
Schmidt,126837
Carr,126837
Vasquez,126837
Castillo,126837
Wheeler,126837
Chapman,124350
Oliver,124350
Montgomery,121863
Richards,121863
Williamson,121863
Johnston,121863
Banks,119376
Meyer,119376
Bishop,119376
Mccoy,119376
Howell,119376
Alvarez,119376
Morrison,119376
Hansen,116889
Fernandez,116889
Garza,116889
Harvey,116889
Little,114402
Burton,114402
Stanley,114402
Nguyen,114402
George,114402
Jacobs,114402
Reid,114402
Kim,111915
Fuller,111915
Lynch,111915
Dean,111915
Gilbert,111915
Garrett,111915
Romero,111915
Welch,109428
Larson,109428
Frazier,109428
Burke,109428
Hanson,106941
Day,106941
Mendoza,106941
Moreno,106941
Bowman,106941
Medina,104454
Fowler,104454
Brewer,104454
Hoffman,104454
Carlson,104454
Silva,104454
Pearson,104454
Holland,104454
Douglas,101967
Fleming,101967
Jensen,101967
Vargas,101967
Byrd,101967
Davidson,101967
Hopkins,101967
May,99480
Terry,99480
Herrera,99480
Wade,99480
Soto,99480
Walters,99480
Curtis,99480
Neal,96993
Caldwell,96993
Lowe,96993
Jennings,96993
Barnett,96993
Graves,96993
Jimenez,96993
Horton,96993
Shelton,96993
Barrett,96993
Obrien,96993
Castro,96993
Sutton,94506
Gregory,94506
Mckinney,94506
Lucas,94506
Miles,94506
Craig,94506
Rodriquez,92019
Chambers,92019
Holt,92019
Lambert,92019
Fletcher,92019
Watts,92019
Bates,92019
Hale,92019
Rhodes,92019
Pena,92019
Beck,92019
Newman,89532
Haynes,89532
Mcdaniel,89532
Mendez,89532
Bush,89532
Vaughn,89532
Parks,87045
Dawson,87045
Santiago,87045
Norris,87045
Hardy,87045
Love,87045
Steele,87045
Curry,87045
Powers,87045
Schultz,87045
Barker,87045
Guzman,84558
Page,84558
Munoz,84558
Ball,84558
Keller,84558
Chandler,84558
Weber,84558
Leonard,84558
Walsh,82071
Lyons,82071
Ramsey,82071
Wolfe,82071
Schneider,82071
Mullins,82071
Benson,82071
Sharp,82071
Bowen,82071
Daniel,82071
Barber,79584
Cummings,79584
Hines,79584
Baldwin,79584
Griffith,79584
Valdez,79584
Hubbard,79584
Salazar,79584
Reeves,79584
Warner,77097
Stevenson,77097
Burgess,77097
Santos,77097
Tate,77097
Cross,77097
Garner,77097
Mann,77097
Mack,77097
Moss,77097
Thornton,77097
Dennis,77097
Mcgee,77097
Farmer,74610
Delgado,74610
Aguilar,74610
Vega,74610
Glover,74610
Manning,74610
Cohen,74610
Harmon,74610
Rodgers,74610
Robbins,74610
Newton,74610
Todd,74610
Blair,74610
Higgins,74610
Ingram,74610
Reese,74610
Cannon,74610
Strickland,74610
Townsend,74610
Potter,74610
Goodwin,74610
Walton,74610
Rowe,72123
Hampton,72123
Ortega,72123
Patton,72123
Swanson,72123
Joseph,72123
Francis,72123
Goodman,72123
Maldonado,72123
Yates,72123
Becker,72123
Erickson,72123
Hodges,72123
Rios,72123
Conner,72123
Adkins,72123
Webster,69636
Norman,69636
Malone,69636
Hammond,69636
Flowers,69636
Cobb,69636
Moody,69636
Quinn,69636
Blake,69636
Maxwell,69636
Pope,69636
Floyd,67149
Osborne,67149
Paul,67149
Mccarthy,67149
Guerrero,67149
Lindsey,67149
Estrada,67149
Sandoval,67149
Gibbs,67149
Tyler,67149
Gross,67149
Fitzgerald,67149
Stokes,67149
Doyle,67149
Sherman,67149
Saunders,67149
Wise,67149
Colon,67149
Gill,67149
Alvarado,67149
Greer,64662
Padilla,64662
Simon,64662
Waters,64662
Nunez,64662
Ballard,64662
Schwartz,64662
Mcbride,64662
Houston,64662
Christensen,64662
Klein,64662
Pratt,64662
Briggs,64662
Parsons,64662
Mclaughlin,64662
Zimmerman,64662
French,64662
Buchanan,64662
Moran,64662
Copeland,62175
Roy,62175
Pittman,62175
Brady,62175
Mccormick,62175
Holloway,62175
Brock,62175
Poole,62175
Frank,62175
Logan,62175
Owen,62175
Bass,62175
Marsh,62175
Drake,62175
Wong,62175
Jefferson,62175
Park,62175
Morton,62175
Abbott,62175
Sparks,62175
Patrick,59688
Norton,59688
Huff,59688
Clayton,59688
Massey,59688
Lloyd,59688
Figueroa,59688
Carson,59688
Bowers,59688
Roberson,59688
Barton,59688
Tran,59688
Lamb,59688
Harrington,59688
Casey,59688
Boone,59688
Cortez,59688
Clarke,59688
Mathis,59688
Singleton,59688
Wilkins,59688
Cain,59688
Bryan,59688
Underwood,59688
Hogan,59688
Mckenzie,57201
Collier,57201
Luna,57201
Phelps,57201
Mcguire,57201
Allison,57201
Bridges,57201
Wilkerson,57201
Nash,57201
Summers,57201
Atkins,57201
Wilcox,57201
Pitts,57201
Conley,57201
Marquez,57201
Burnett,57201
Richard,57201
Cochran,57201
Chase,57201
Davenport,57201
Hood,57201
Gates,57201
Clay,57201
Ayala,57201
Sawyer,57201
Roman,57201
Vazquez,57201
Dickerson,57201
Hodge,54714
Acosta,54714
Flynn,54714
Espinoza,54714
Nicholson,54714
Monroe,54714
Wolf,54714
Morrow,54714
Kirk,54714
Randall,54714
Anthony,54714
Whitaker,54714
Oconnor,54714
Skinner,54714
Ware,54714
Molina,54714
Kirby,54714
Huffman,54714
Bradford,54714
Charles,54714
Gilmore,54714
Dominguez,54714
Oneal,54714
Bruce,54714
Lang,52227
Combs,52227
Kramer,52227
Heath,52227
Hancock,52227
Gallagher,52227
Gaines,52227
Shaffer,52227
Short,52227
Wiggins,52227
Mathews,52227
Mcclain,52227
Fischer,52227
Wall,52227
Small,52227
Melton,52227
Hensley,52227
Bond,52227
Dyer,52227
Cameron,52227
Grimes,52227
Contreras,52227
Christian,52227
Wyatt,52227
Baxter,52227
Snow,52227
Mosley,52227
Shepherd,52227
Larsen,52227
Hoover,52227
Beasley,49740
Glenn,49740
Petersen,49740
Whitehead,49740
Meyers,49740
Keith,49740
Garrison,49740
Vincent,49740
Shields,49740
Horn,49740
Savage,49740
Olsen,49740
Schroeder,49740
Hartman,49740
Woodard,49740
Mueller,49740
Kemp,49740
Deleon,49740
Booth,49740
Patel,49740
Calhoun,49740
Wiley,49740
Eaton,49740
Cline,49740
Navarro,49740
Harrell,49740
Lester,49740
Humphrey,49740
Parrish,49740
Duran,49740
Hutchinson,49740
Hess,49740
Dorsey,49740
Bullock,49740
Robles,49740
Beard,47253
Dalton,47253
Avila,47253
Vance,47253
Rich,47253
Blackwell,47253
York,47253
Johns,47253
Blankenship,47253
Trevino,47253
Salinas,47253
Campos,47253
Pruitt,47253
Moses,47253
Callahan,47253
Golden,47253
Montoya,47253
Hardin,47253
Guerra,47253
Mcdowell,47253
Carey,47253
Stafford,47253
Gallegos,47253
Henson,47253
Wilkinson,47253
Booker,47253
Merritt,47253
Miranda,47253
Atkinson,47253
Orr,47253
Decker,47253
Hobbs,47253
Preston,47253
Tanner,47253
Knox,47253
Pacheco,47253
Stephenson,44766
Glass,44766
Rojas,44766
Serrano,44766
Marks,44766
Hickman,44766
English,44766
Sweeney,44766
Strong,44766
Prince,44766
Mcclure,44766
Conway,44766
Walter,44766
Roth,44766
Maynard,44766
Farrell,44766
Lowery,44766
Hurst,44766
Nixon,44766
Weiss,44766
Trujillo,44766
Ellison,44766
Sloan,44766
Juarez,44766
Winters,44766
Mclean,44766
Randolph,44766
Leon,44766
Boyer,44766
Villarreal,44766
Mccall,44766
Gentry,44766
Carrillo,42279
Kent,42279
Ayers,42279
Lara,42279
Shannon,42279
Sexton,42279
Pace,42279
Hull,42279
Leblanc,42279
Browning,42279
Velasquez,42279
Leach,42279
Chang,42279
House,42279
Sellers,42279
Herring,42279
Noble,42279
Foley,42279
Bartlett,42279
Mercado,42279
Landry,42279
Durham,42279
Walls,42279
Barr,42279
Mckee,42279
Bauer,42279
Rivers,42279
Everett,42279
Bradshaw,42279
Pugh,42279
Velez,42279
Rush,42279
Estes,42279
Dodson,42279
Morse,42279
Sheppard,42279
Weeks,42279
Camacho,42279
Bean,42279
Barron,42279
Livingston,42279
Middleton,39792
Spears,39792
Branch,39792
Blevins,39792
Chen,39792
Kerr,39792
Mcconnell,39792
Hatfield,39792
Harding,39792
Ashley,39792
Solis,39792
Herman,39792
Frost,39792
Giles,39792
Blackburn,39792
William,39792
Pennington,39792
Woodward,39792
Finley,39792
Mcintosh,39792
Koch,39792
Best,39792
Solomon,39792
Mccullough,39792
Dudley,39792
Nolan,39792
Blanchard,39792
Rivas,39792
Brennan,39792
Mejia,39792
Kane,39792
Benton,39792
Joyce,39792
Buckley,39792
Haley,39792
Valentine,39792
Maddox,39792
Russo,39792
Mcknight,39792
Buck,39792
Moon,39792
Mcmillan,39792
Crosby,39792
Berg,39792
Dotson,39792
Mays,39792
Roach,39792
Church,39792
Chan,39792
Richmond,39792
Meadows,39792
Faulkner,39792
Oneill,39792
Knapp,39792
Kline,37305
Barry,37305
Ochoa,37305
Jacobson,37305
Gay,37305
Avery,37305
Hendricks,37305
Horne,37305
Shepard,37305
Hebert,37305
Cherry,37305
Cardenas,37305
Mcintyre,37305
Whitney,37305
Waller,37305
Holman,37305
Donaldson,37305
Cantu,37305
Terrell,37305
Morin,37305
Gillespie,37305
Fuentes,37305
Tillman,37305
Sanford,37305
Bentley,37305
Peck,37305
Key,37305
Salas,37305
Rollins,37305
Gamble,37305
Dickson,37305
Battle,37305
Santana,37305
Cabrera,37305
Cervantes,37305
Howe,37305
Hinton,37305
Hurley,37305
Spence,37305
Zamora,37305
Yang,37305
Mcneil,37305
Suarez,37305
Case,37305
Petty,37305
Gould,37305
Mcfarland,37305
Sampson,37305
Carver,37305
Bray,37305
Rosario,37305
Macdonald,37305
Stout,37305
Hester,37305
Melendez,37305
Dillon,37305
Farley,37305
Hopper,37305
Galloway,37305
Potts,37305
Bernard,37305
Joyner,34818
Stein,34818
Aguirre,34818
Osborn,34818
Mercer,34818
Bender,34818
Franco,34818
Rowland,34818
Sykes,34818
Benjamin,34818
Travis,34818
Pickett,34818
Crane,34818
Sears,34818
Mayo,34818
Dunlap,34818
Hayden,34818
Wilder,34818
Mckay,34818
Coffey,34818
Mccarty,34818
Ewing,34818
Cooley,34818
Vaughan,34818
Bonner,34818
Cotton,34818
Holder,34818
Stark,34818
Ferrell,34818
Cantrell,34818
Fulton,34818
Lynn,34818
Lott,34818
Calderon,34818
Rosa,34818
Pollard,34818
Hooper,34818
Burch,34818
Mullen,34818
Fry,34818
Riddle,34818
Levy,34818
David,34818
Duke,34818
Odonnell,34818
Guy,34818
Michael,34818
Britt,34818
Frederick,34818
Daugherty,34818
Berger,34818
Dillard,34818
Alston,34818
Jarvis,34818
Frye,34818
Riggs,34818
Chaney,34818
Odom,32331
Duffy,32331
Fitzpatrick,32331
Valenzuela,32331
Merrill,32331
Mayer,32331
Alford,32331
Mcpherson,32331
Acevedo,32331
Donovan,32331
Barrera,32331
Albert,32331
Cote,32331
Reilly,32331
Compton,32331
Raymond,32331
Mooney,32331
Mcgowan,32331
Craft,32331
Cleveland,32331
Clemons,32331
Wynn,32331
Nielsen,32331
Baird,32331
Stanton,32331
Snider,32331
Rosales,32331
Bright,32331
Witt,32331
Stuart,32331
Hays,32331
Holden,32331
Rutledge,32331
Kinney,32331
Clements,32331
Castaneda,32331
Slater,32331
Hahn,32331
Emerson,32331
Conrad,32331
Burks,32331
Delaney,32331
Pate,32331
Lancaster,32331
Sweet,32331
Justice,32331
Tyson,32331
Sharpe,32331
Whitfield,32331
Talley,32331
Macias,32331
Irwin,32331
Burris,32331
Ratliff,32331
Mccray,32331
Madden,32331
Kaufman,32331
Beach,32331
Goff,32331
Cash,32331
Bolton,32331
Mcfadden,32331
Levine,32331
Good,32331
Byers,32331
Kirkland,32331
Kidd,32331
Workman,32331
Carney,32331
Dale,32331
Mcleod,32331
Holcomb,32331
England,32331
Finch,32331
Head,29844
Burt,29844
Hendrix,29844
Sosa,29844
Haney,29844
Franks,29844
Sargent,29844
Nieves,29844
Downs,29844
Rasmussen,29844
Bird,29844
Hewitt,29844
Lindsay,29844
Le,29844
Foreman,29844
Valencia,29844
Oneil,29844
Delacruz,29844
Vinson,29844
Dejesus,29844
Hyde,29844
Forbes,29844
Gilliam,29844
Guthrie,29844
Wooten,29844
Huber,29844
Barlow,29844
Boyle,29844
Mcmahon,29844
Buckner,29844
Rocha,29844
Puckett,29844
Langley,29844
Knowles,29844
Cooke,29844
Velazquez,29844
Whitley,29844
Noel,29844
Vang,29844
Shea,29844
Rouse,29844
Hartley,29844
Mayfield,29844
Elder,29844
Rankin,29844
Hanna,29844
Cowan,29844
Lucero,29844
Arroyo,29844
Slaughter,29844
Haas,29844
Oconnell,29844
Minor,29844
Kendrick,29844
Shirley,29844
Kendall,29844
Boucher,29844
Archer,29844
Boggs,29844
Odell,29844
Dougherty,29844
Andersen,29844
Newell,29844
Crowe,29844
Wang,29844
Friedman,29844
Bland,29844
Swain,29844
Holley,29844
Felix,29844
Pearce,29844
Childs,29844
Yarbrough,29844
Galvan,29844
Proctor,29844
Meeks,29844
Lozano,29844
Mora,29844
Rangel,29844
Bacon,29844
Villanueva,29844
Schaefer,29844
Rosado,29844
Helms,29844
Boyce,29844
Goss,29844
Stinson,27357
Smart,27357
Lake,27357
Ibarra,27357
Hutchins,27357
Covington,27357
Reyna,27357
Gregg,27357
Werner,27357
Crowley,27357
Hatcher,27357
Mackey,27357
Bunch,27357
Womack,27357
Polk,27357
Jamison,27357
Dodd,27357
Childress,27357
Childers,27357
Camp,27357
Villa,27357
Dye,27357
Springer,27357
Mahoney,27357
Dailey,27357
Belcher,27357
Lockhart,27357
Griggs,27357
Costa,27357
Connor,27357
Brandt,27357
Winter,27357
Walden,27357
Moser,27357
Tracy,27357
Tatum,27357
Mccann,27357
Akers,27357
Lutz,27357
Pryor,27357
Law,27357
Orozco,27357
Mcallister,27357
Lugo,27357
Davies,27357
Shoemaker,27357
Madison,27357
Rutherford,27357
Newsome,27357
Magee,27357
Chamberlain,27357
Blanton,27357
Simms,27357
Godfrey,27357
Flanagan,27357
Crum,27357
Cordova,27357
Escobar,27357
Downing,27357
Sinclair,27357
Donahue,27357
Krueger,27357
Mcginnis,27357
Gore,27357
Farris,27357
Webber,27357
Corbett,27357
Andrade,27357
Starr,27357
Lyon,27357
Yoder,27357
Hastings,27357
Mcgrath,27357
Spivey,27357
Krause,27357
Harden,27357
Crabtree,27357
Kirkpatrick,27357
Hollis,27357
Brandon,27357
Arrington,27357
Ervin,27357
Clifton,27357
Ritter,27357
Mcghee,27357
Bolden,27357
Maloney,27357
Gagnon,27357
Dunbar,27357
Ponce,27357
Pike,27357
Mayes,27357
Heard,27357
Beatty,27357
Mobley,27357
Kimball,27357
Butts,27357
Montes,27357
Herbert,27357
Grady,27357
Eldridge,27357
Braun,27357
Hamm,27357
Gibbons,27357
Seymour,27357
Moyer,27357
Manley,27357
Herron,27357
Plummer,27357
Elmore,27357
Cramer,27357
Gary,27357
Rucker,27357
Hilton,27357
Blue,27357
Pierson,27357
Fontenot,27357
Field,27357
Rubio,27357
Grace,27357
Goldstein,27357
Elkins,27357
Wills,24870
Novak,24870
John,24870
Hickey,24870
Worley,24870
Gorman,24870
Katz,24870
Dickinson,24870
Broussard,24870
Fritz,24870
Woodruff,24870
Crow,24870
Christopher,24870
Britton,24870
Forrest,24870
Nance,24870
Lehman,24870
Bingham,24870
Zuniga,24870
Whaley,24870
Shafer,24870
Coffman,24870
Steward,24870
Delarosa,24870
Nix,24870
Neely,24870
Numbers,24870
Mata,24870
Manuel,24870
Davila,24870
Mccabe,24870
Kessler,24870
Emery,24870
Bowling,24870
Hinkle,24870
Welsh,24870
Pagan,24870
Goldberg,24870
Goins,24870
Crouch,24870
Cuevas,24870
Quinones,24870
Mcdermott,24870
Hendrickson,24870
Samuels,24870
Denton,24870
Bergeron,24870
Lam,24870
Ivey,24870
Locke,24870
Haines,24870
Thurman,24870
Snell,24870
Hoskins,24870
Byrne,24870
Milton,24870
Winston,24870
Arthur,24870
Arias,24870
Stanford,24870
Roe,24870
Corbin,24870
Beltran,24870
Chappell,24870
Hurt,24870
Downey,24870
Dooley,24870
Tuttle,24870
Couch,24870
Payton,24870
Mcelroy,24870
Crockett,24870
Groves,24870
Clement,24870
Leslie,24870
Cartwright,24870
Dickey,24870
Mcgill,24870
Dubois,24870
Muniz,24870
Erwin,24870
Self,24870
Tolbert,24870
Dempsey,24870
Cisneros,24870
Sewell,24870
Latham,24870
Garland,24870
Vigil,24870
Tapia,24870
Sterling,24870
Rainey,24870
Norwood,24870
Lacy,24870
Stroud,24870
Meade,24870
Amos,24870
Tipton,24870
Lord,24870
Kuhn,24870
Hilliard,24870
Bonilla,24870
Teague,24870
Courtney,24870
Gunn,24870
Ho,24870
Greenwood,24870
Correa,24870
Reece,24870
Weston,24870
Poe,24870
Trent,24870
Pineda,24870
Phipps,24870
Frey,24870
Kaiser,24870
Ames,24870
Paige,24870
Gunter,24870
Schmitt,24870
Milligan,24870
Espinosa,24870
Carlton,24870
Bowden,24870
Vickers,24870
Lowry,24870
Pritchard,24870
Costello,24870
Piper,22383
Mcclellan,22383
Lovell,22383
Drew,22383
Sheehan,22383
Quick,22383
Hatch,22383
Dobson,22383
Singh,22383
Jeffries,22383
Hollingsworth,22383
Sorensen,22383
Meza,22383
Fink,22383
Donnelly,22383
Burrell,22383
Bruno,22383
Tomlinson,22383
Colbert,22383
Billings,22383
Ritchie,22383
Helton,22383
Sutherland,22383
Peoples,22383
Mcqueen,22383
Gaston,22383
Thomason,22383
Mckinley,22383
Givens,22383
Crocker,22383
Vogel,22383
Robison,22383
Dunham,22383
Coker,22383
Swartz,22383
Keys,22383
Lilly,22383
Ladner,22383
Hannah,22383
Willard,22383
Richter,22383
Hargrove,22383
Edmonds,22383
Brantley,22383
Albright,22383
Murdock,22383
Boswell,22383
Muller,22383
Quintero,22383
Padgett,22383
Kenney,22383
Daly,22383
Connolly,22383
Pierre,22383
Inman,22383
Quintana,22383
Lund,22383
Barnard,22383
Villegas,22383
Simons,22383
Land,22383
Huggins,22383
Tidwell,22383
Sanderson,22383
Bullard,22383
Mcclendon,22383
Duarte,22383
Draper,22383
Meredith,22383
Marrero,22383
Dwyer,22383
Abrams,22383
Stover,22383
Goode,22383
Fraser,22383
Crews,22383
Bernal,22383
Smiley,22383
Godwin,22383
Fish,22383
Conklin,22383
Mcneal,22383
Baca,22383
Esparza,22383
Crowder,22383
Bower,22383
Nicholas,22383
Chung,22383
Brewster,22383
Mcneill,22383
Dick,22383
Rodrigues,22383
Leal,22383
Coates,22383
Raines,22383
Mccain,22383
Mccord,22383
Miner,22383
Holbrook,22383
Swift,22383
Dukes,22383
Carlisle,22383
Aldridge,22383
Ackerman,22383
Starks,22383
Ricks,22383
Holliday,22383
Ferris,22383
Hairston,22383
Sheffield,22383
Lange,22383
Fountain,22383
Marino,22383
Doss,22383
Betts,22383
Kaplan,22383
Carmichael,22383
Bloom,22383
Ruffin,22383
Penn,22383
Kern,22383
Bowles,22383
Sizemore,22383
Larkin,22383
Dupree,22383
Jewell,22383
Silver,22383
Seals,22383
Metcalf,22383
Hutchison,22383
Henley,22383
Farr,22383
Castle,22383
Mccauley,22383
Hankins,22383
Gustafson,22383
Deal,22383
Curran,22383
Ash,22383
Waddell,22383
Ramey,22383
Cates,22383
Pollock,22383
Major,22383
Irvin,22383
Cummins,22383
Messer,22383
Heller,22383
Dewitt,22383
Lin,22383
Funk,22383
Cornett,22383
Palacios,22383
Galindo,22383
Cano,22383
Hathaway,22383
Singer,19896
Pham,19896
Enriquez,19896
Aaron,19896
Salgado,19896
Pelletier,19896
Painter,19896
Wiseman,19896
Blount,19896
Hand,19896
Feliciano,19896
Temple,19896
Houser,19896
Doherty,19896
Mead,19896
Mcgraw,19896
Toney,19896
Swan,19896
Melvin,19896
Capps,19896
Blanco,19896
Blackmon,19896
Wesley,19896
Thomson,19896
Mcmanus,19896
Fair,19896
Burkett,19896
Post,19896
Gleason,19896
Rudolph,19896
Ott,19896
Dickens,19896
Cormier,19896
Voss,19896
Rushing,19896
Rosenberg,19896
Hurd,19896
Dumas,19896
Benitez,19896
Arellano,19896
Story,19896
Marin,19896
Caudill,19896
Bragg,19896
Jaramillo,19896
Huerta,19896
Gipson,19896
Colvin,19896
Biggs,19896
Vela,19896
Platt,19896
Cassidy,19896
Tompkins,19896
Mccollum,19896
Kay,19896
Gabriel,19896
Dolan,19896
Daley,19896
Crump,19896
Street,19896
Sneed,19896
Kilgore,19896
Grove,19896
Grimm,19896
Davison,19896
Brunson,19896
Prater,19896
Marcum,19896
Devine,19896
Kyle,19896
Dodge,19896
Stratton,19896
Rosas,19896
Choi,19896
Tripp,19896
Ledbetter,19896
Lay,19896
Hightower,19896
Haywood,19896
Feldman,19896
Epps,19896
Yeager,19896
Posey,19896
Sylvester,19896
Scruggs,19896
Cope,19896
Stubbs,19896
Richey,19896
Overton,19896
Trotter,19896
Sprague,19896
Cordero,19896
Butcher,19896
Burger,19896
Stiles,19896
Burgos,19896
Woodson,19896
Horner,19896
Bassett,19896
Purcell,19896
Haskins,19896
Gee,19896
Akins,19896
Abraham,19896
Hoyt,19896
Ziegler,19896
Spaulding,19896
Hadley,19896
Grubbs,19896
Sumner,19896
Murillo,19896
Zavala,19896
Shook,19896
Lockwood,19896
Jarrett,19896
Driscoll,19896
Dahl,19896
Thorpe,19896
Sheridan,19896
Redmond,19896
Putnam,19896
Mcwilliams,19896
Mcrae,19896
Cornell,19896
Felton,19896
Romano,19896
Joiner,19896
Sadler,19896
Hedrick,19896
Hager,19896
Hagen,19896
Fitch,19896
Coulter,19896
Thacker,19896
Mansfield,19896
Langston,19896
Guidry,19896
Ferreira,19896
Corley,19896
Conn,19896
Rossi,19896
Lackey,19896
Cody,19896
Baez,19896
Saenz,19896
Mcnamara,19896
Darnell,19896
Michel,19896
Mcmullen,19896
Mckenna,19896
Mcdonough,19896
Link,19896
Engel,19896
Browne,19896
Roper,19896
Peacock,19896
Eubanks,19896
Drummond,19896
Stringer,19896
Pritchett,19896
Parham,19896
Mims,19896
Landers,19896
Ham,19896
Grayson,19896
Stacy,19896
Schafer,19896
Egan,19896
Timmons,19896
Ohara,19896
Keen,19896
Hamlin,19896
Finn,19896
Cortes,19896
Mcnair,19896
Louis,19896
Clifford,19896
Nadeau,19896
Moseley,19896
Michaud,19896
Rosen,19896
Oakes,19896
Kurtz,19896
Jeffers,19896
Calloway,19896
Beal,19896
Bautista,19896
Winn,19896
Suggs,19896
Stern,19896
Stapleton,19896
Lyles,19896
Laird,19896
Montano,19896
Diamond,19896
Dawkins,19896
Roland,19896
Hagan,19896
Goldman,19896
Bryson,19896
Barajas,19896
Lovett,19896
Segura,19896
Metz,19896
Lockett,19896
Langford,19896
Hinson,19896
Eastman,19896
Rock,19896
Hooks,19896
Woody,17409
Smallwood,17409
Shapiro,17409
Crowell,17409
Whalen,17409
Triplett,17409
Hooker,17409
Chatman,17409
Aldrich,17409
Cahill,17409
Youngblood,17409
Ybarra,17409
Stallings,17409
Sheets,17409
Samuel,17409
Reeder,17409
Person,17409
Pack,17409
Lacey,17409
Connelly,17409
Bateman,17409
Abernathy,17409
Winkler,17409
Wilkes,17409
Masters,17409
Hackett,17409
Granger,17409
Gillis,17409
Schmitz,17409
Sapp,17409
Napier,17409
Souza,17409
Lanier,17409
Gomes,17409
Weir,17409
Otero,17409
Ledford,17409
Burroughs,17409
Babcock,17409
Ventura,17409
Siegel,17409
Dugan,17409
Clinton,17409
Christie,17409
Bledsoe,17409
Atwood,17409
Wray,17409
Varner,17409
Spangler,17409
Otto,17409
Anaya,17409
Staley,17409
Kraft,17409
Fournier,17409
Eddy,17409
Belanger,17409
Wolff,17409
Thorne,17409
Bynum,17409
Burnette,17409
Boykin,17409
Swenson,17409
Purvis,17409
Pina,17409
Khan,17409
Duvall,17409
Darby,17409
Xiong,17409
Kauffman,17409
Ali,17409
Yu,17409
Healy,17409
Engle,17409
Corona,17409
Benoit,17409
Valle,17409
Steiner,17409
Spicer,17409
Shaver,17409
Randle,17409
Lundy,17409
Dow,17409
Chin,17409
Calvert,17409
Staton,17409
Neff,17409
Kearney,17409
Darden,17409
Oakley,17409
Medeiros,17409
Mccracken,17409
Crenshaw,17409
Block,17409
Beaver,17409
Perdue,17409
Dill,17409
Whittaker,17409
Tobin,17409
Cornelius,17409
Washburn,17409
Hogue,17409
Goodrich,17409
Easley,17409
Bravo,17409
Dennison,17409
Vera,17409
Shipley,17409
Kerns,17409
Jorgensen,17409
Crain,17409
Abel,17409
Villalobos,17409
Maurer,17409
Longoria,17409
Keene,17409
Coon,17409
Sierra,17409
Witherspoon,17409
Staples,17409
Pettit,17409
Kincaid,17409
Eason,17409
Madrid,17409
Echols,17409
Lusk,17409
Wu,17409
Stahl,17409
Currie,17409
Thayer,17409
Shultz,17409
Sherwood,17409
Mcnally,17409
Seay,17409
North,17409
Maher,17409
Kenny,17409
Hope,17409
Gagne,17409
Barrow,17409
Nava,17409
Myles,17409
Moreland,17409
Honeycutt,17409
Hearn,17409
Diggs,17409
Caron,17409
Whitten,17409
Westbrook,17409
Stovall,17409
Ragland,17409
Queen,17409
Munson,17409
Meier,17409
Looney,17409
Kimble,17409
Jolly,17409
Hobson,17409
London,17409
Goddard,17409
Culver,17409
Burr,17409
Presley,17409
Negron,17409
Connell,17409
Tovar,17409
Marcus,17409
Huddleston,17409
Hammer,17409
Ashby,17409
Salter,17409
Root,17409
Pendleton,17409
Oleary,17409
Nickerson,17409
Myrick,17409
Judd,17409
Jacobsen,17409
Elliot,17409
Bain,17409
Adair,17409
Starnes,17409
Sheldon,17409
Matos,17409
Light,17409
Busby,17409
Herndon,17409
Hanley,17409
Bellamy,17409
Jack,17409
Doty,17409
Bartley,17409
Yazzie,17409
Rowell,17409
Parson,17409
Gifford,17409
Cullen,17409
Christiansen,17409
Benavides,17409
Barnhart,17409
Talbot,17409
Mock,17409
Crandall,17409
Connors,17409
Bonds,17409
Whitt,17409
Gage,17409
Bergman,17409
Arredondo,17409
Addison,17409
Marion,17409
Lujan,17409
Dowdy,17409
Jernigan,17409
Huynh,17409
Bouchard,17409
Dutton,17409
Rhoades,17409
Ouellette,17409
Kiser,17409
Rubin,17409
Herrington,17409
Hare,17409
Denny,17409
Blackman,17409
Babb,17409
Allred,17409
Rudd,17409
Paulson,17409
Ogden,17409
Koenig,17409
Jacob,17409
Irving,17409
Geiger,17409
Begay,17409
Parra,17409
Champion,17409
Lassiter,17409
Hawk,17409
Esposito,17409
Cho,17409
Waldron,17409
Vernon,17409
Ransom,17409
Prather,17409
Keenan,17409
Jean,17409
Grover,17409
Chacon,17409
Vick,17409
Sands,17409
Roark,17409
Parr,17409
Mayberry,17409
Greenberg,17409
Coley,17409
Bruner,17409
Whitman,17409
Skaggs,17409
Shipman,17409
Means,17409
Leary,17409
Hutton,17409
Romo,17409
Medrano,17409
Ladd,17409
Kruse,17409
Friend,17409
Darling,17409
Askew,17409
Valentin,17409
Schulz,17409
Alfaro,17409
Tabor,17409
Mohr,17409
Gallo,17409
Bermudez,17409
Pereira,17409
Isaac,17409
Bliss,17409
Reaves,14922
Flint,14922
Comer,14922
Boston,14922
Woodall,14922
Naquin,14922
Guevara,14922
Earl,14922
Delong,14922
Carrier,14922
Pickens,14922
Brand,14922
Tilley,14922
Schaffer,14922
Read,14922
Lim,14922
Knutson,14922
Fenton,14922
Doran,14922
Chu,14922
Vogt,14922
Vann,14922
Prescott,14922
Mclain,14922
Landis,14922
Corcoran,14922
Ambrose,14922
Zapata,14922
Hyatt,14922
Hemphill,14922
Faulk,14922
Call,14922
Dove,14922
Boudreaux,14922
Aragon,14922
Whitlock,14922
Trejo,14922
Tackett,14922
Shearer,14922
Saldana,14922
Hanks,14922
Gold,14922
Driver,14922
Mckinnon,14922
Koehler,14922
Champagne,14922
Bourgeois,14922
Pool,14922
Keyes,14922
Goodson,14922
Foote,14922
Early,14922
Lunsford,14922
Goldsmith,14922
Flood,14922
Winslow,14922
Sams,14922
Reagan,14922
Mccloud,14922
Hough,14922
Esquivel,14922
Naylor,14922
Loomis,14922
Coronado,14922
Ludwig,14922
Braswell,14922
Bearden,14922
Sherrill,14922
Huang,14922
Fagan,14922
Ezell,14922
Edmondson,14922
Cyr,14922
Cronin,14922
Nunn,14922
Lemon,14922
Guillory,14922
Grier,14922
Dubose,14922
Traylor,14922
Ryder,14922
Dobbins,14922
Coyle,14922
Aponte,14922
Whitmore,14922
Smalls,14922
Rowan,14922
Malloy,14922
Cardona,14922
Braxton,14922
Borden,14922
Humphries,14922
Carrasco,14922
Ruff,14922
Metzger,14922
Huntley,14922
Hinojosa,14922
Finney,14922
Madsen,14922
Hong,14922
Hills,14922
Ernst,14922
Dozier,14922
Burkhart,14922
Bowser,14922
Peralta,14922
Daigle,14922
Whittington,14922
Sorenson,14922
Saucedo,14922
Roche,14922
Redding,14922
Loyd,14922
Fugate,14922
Avalos,14922
Waite,14922
Lind,14922
Huston,14922
Hay,14922
Benedict,14922
Hawthorne,14922
Hamby,14922
Boyles,14922
Boles,14922
Regan,14922
Faust,14922
Crook,14922
Beam,14922
Barger,14922
Hinds,14922
Gallardo,14922
Elias,14922
Willoughby,14922
Willingham,14922
Wilburn,14922
Eckert,14922
Busch,14922
Zepeda,14922
Worthington,14922
Tinsley,14922
Russ,14922
Li,14922
Hoff,14922
Hawley,14922
Carmona,14922
Varela,14922
Rector,14922
Newcomb,14922
Mallory,14922
Kinsey,14922
Dube,14922
Whatley,14922
Strange,14922
Ragsdale,14922
Ivy,14922
Bernstein,14922
Becerra,14922
Yost,14922
Mattson,14922
Ly,14922
Felder,14922
Cheek,14922
Luke,14922
Handy,14922
Grossman,14922
Gauthier,14922
Escobedo,14922
Braden,14922
Beckman,14922
Mott,14922
Hillman,14922
Gil,14922
Flaherty,14922
Dykes,14922
Doe,14922
Stockton,14922
Stearns,14922
Lofton,14922
Kitchen,14922
Coats,14922
Cavazos,14922
Beavers,14922
Barrios,14922
Tang,14922
Parish,14922
Mosher,14922
Lincoln,14922
Cardwell,14922
Coles,14922
Burnham,14922
Weller,14922
Lemons,14922
Beebe,14922
Aguilera,14922
Ring,14922
Parnell,14922
Harman,14922
Couture,14922
Alley,14922
Schumacher,14922
Redd,14922
Dobbs,14922
Blum,14922
Blalock,14922
Merchant,14922
Ennis,14922
Denson,14922
Cottrell,14922
Chester,14922
Brannon,14922
Bagley,14922
Aviles,14922
Watt,14922
Sousa,14922
Rosenthal,14922
Rooney,14922
Dietz,14922
Blank,14922
Paquette,14922
Mcclelland,14922
Duff,14922
Velasco,14922
Lentz,14922
Grubb,14922
Burrows,14922
Barbour,14922
Ulrich,14922
Shockley,14922
Rader,14922
German,14922
Beyer,14922
Mixon,14922
Layton,14922
Altman,14922
Alonzo,14922
Weathers,14922
Titus,14922
Stoner,14922
Squires,14922
Shipp,14922
Priest,14922
Lipscomb,14922
Cutler,14922
Caballero,14922
Zimmer,14922
Willett,14922
Thurston,14922
Storey,14922
Medley,14922
Lyle,14922
Epperson,14922
Shah,14922
Mcmillian,14922
Baggett,14922
Torrez,14922
Laws,14922
Hirsch,14922
Dent,14922
Corey,14922
Poirier,14922
Peachey,14922
Jacques,14922
Farrar,14922
Creech,14922
Barth,14922
Trimble,14922
France,14922
Dupre,14922
Albrecht,14922
Sample,14922
Lawler,14922
Crisp,14922
Conroy,14922
Chadwick,14922
Wetzel,14922
Nesbitt,14922
Murry,14922
Jameson,14922
Wilhelm,14922
Patten,14922
Minton,14922
Matson,14922
Kimbrough,14922
Iverson,14922
Guinn,14922
Gale,14922
Fortune,14922
Croft,14922
Toth,14922
Pulliam,14922
Nugent,14922
Newby,14922
Littlejohn,14922
Dias,14922
Canales,14922
Bernier,14922
Baron,14922
Barney,14922
Singletary,14922
Renteria,14922
Pruett,14922
Mchugh,14922
Mabry,14922
Landrum,14922
Brower,14922
Weldon,14922
Stoddard,14922
Ruth,14922
Cagle,14922
Stjohn,14922
Scales,14922
Kohler,14922
Kellogg,14922
Hopson,14922
Gant,14922
Tharp,14922
Gann,14922
Zeigler,14922
Pringle,14922
Hammons,14922
Fairchild,14922
Deaton,14922
Chavis,14922
Carnes,14922
Rowley,14922
Matlock,14922
Libby,14922
Kearns,14922
Irizarry,14922
Carrington,14922
Starkey,14922
Pepper,14922
Lopes,14922
Jarrell,14922
Fay,14922
Craven,14922
Beverly,14922
Baum,14922
Spain,12435
Littlefield,12435
Linn,12435
Humphreys,12435
Hook,12435
High,12435
Etheridge,12435
Cuellar,12435
Chastain,12435
Chance,12435
Bundy,12435
Speer,12435
Skelton,12435
Quiroz,12435
Pyle,12435
Portillo,12435
Ponder,12435
Moulton,12435
Machado,12435
Liu,12435
Killian,12435
Hutson,12435
Hitchcock,12435
Ellsworth,12435
Dowling,12435
Cloud,12435
Burdick,12435
Spann,12435
Pedersen,12435
Levin,12435
Leggett,12435
Hayward,12435
Hacker,12435
Dietrich,12435
Beaulieu,12435
Barksdale,12435
Wakefield,12435
Snowden,12435
Paris,12435
Briscoe,12435
Bowie,12435
Berman,12435
Ogle,12435
Mcgregor,12435
Laughlin,12435
Helm,12435
Burden,12435
Wheatley,12435
Schreiber,12435
Pressley,12435
Parris,12435
Ng,12435
Alaniz,12435
Agee,12435
Urban,12435
Swann,12435
Snodgrass,12435
Schuster,12435
Radford,12435
Monk,12435
Mattingly,12435
Main,12435
Lamar,12435
Harp,12435
Girard,12435
Cheney,12435
Yancey,12435
Wagoner,12435
Ridley,12435
Lombardo,12435
Lau,12435
Hudgins,12435
Gaskins,12435
Duckworth,12435
Coe,12435
Coburn,12435
Willey,12435
Prado,12435
Newberry,12435
Magana,12435
Hammonds,12435
Elam,12435
Whipple,12435
Slade,12435
Serna,12435
Ojeda,12435
Liles,12435
Dorman,12435
Diehl,12435
Angel,12435
Upton,12435
Reardon,12435
Michaels,12435
Kelsey,12435
Goetz,12435
Eller,12435
Bauman,12435
Baer,12435
Augustine,12435
Layne,12435
Hummel,12435
Brenner,12435
Amaya,12435
Adamson,12435
Ornelas,12435
Dowell,12435
Cloutier,12435
Christy,12435
Castellanos,12435
Wing,12435
Wellman,12435
Saylor,12435
Orourke,12435
Moya,12435
Montalvo,12435
Kilpatrick,12435
Harley,12435
Durbin,12435
Shell,12435
Oldham,12435
Kang,12435
Garvin,12435
Foss,12435
Branham,12435
Bartholomew,12435
Templeton,12435
Maguire,12435
Holton,12435
Alonso,12435
Rider,12435
Monahan,12435
Mccormack,12435
Beaty,12435
Anders,12435
Streeter,12435
Nieto,12435
Nielson,12435
Moffett,12435
Lankford,12435
Keating,12435
Heck,12435
Gatlin,12435
Delatorre,12435
Callaway,12435
Adcock,12435
Worrell,12435
Unger,12435
Robinette,12435
Nowak,12435
Jeter,12435
Brunner,12435
Ashton,12435
Steen,12435
Parrott,12435
Overstreet,12435
Nobles,12435
Montanez,12435
Luther,12435
Clevenger,12435
Brinkley,12435
Trahan,12435
Quarles,12435
Pickering,12435
Pederson,12435
Jansen,12435
Grantham,12435
Gilchrist,12435
Crespo,12435
Aiken,12435
Schell,12435
Schaeffer,12435
Lorenz,12435
Leyva,12435
Harms,12435
Dyson,12435
Wallis,12435
Pease,12435
Leavitt,12435
Hyman,12435
Cheng,12435
Cavanaugh,12435
Batts,12435
Warden,12435
Seaman,12435
Rockwell,12435
Quezada,12435
Paxton,12435
Linder,12435
Houck,12435
Fontaine,12435
Durant,12435
Caruso,12435
Adler,12435
Pimentel,12435
Mize,12435
Lytle,12435
Donald,12435
Cleary,12435
Cason,12435
Acker,12435
Switzer,12435
Salmon,12435
Isaacs,12435
Higginbotham,12435
Han,12435
Waterman,12435
Vandyke,12435
Stamper,12435
Sisk,12435
Shuler,12435
Riddick,12435
Redman,12435
Mcmahan,12435
Levesque,12435
Hatton,12435
Bronson,12435
Bollinger,12435
Arnett,12435
Okeefe,12435
Gerber,12435
Gannon,12435
Farnsworth,12435
Baughman,12435
Silverman,12435
Satterfield,12435
Royal,12435
Mccrary,12435
Kowalski,12435
Joy,12435
Grigsby,12435
Greco,12435
Cabral,12435
Trout,12435
Rinehart,12435
Mahon,12435
Linton,12435
Gooden,12435
Curley,12435
Baugh,12435
Wyman,12435
Weiner,12435
Schwab,12435
Schuler,12435
Morrissey,12435
Mahan,12435
Coy,12435
Bunn,12435
Andrew,12435
Thrasher,12435
Spear,12435
Waggoner,12435
Shelley,12435
Robert,12435
Qualls,12435
Purdy,12435
Mcwhorter,12435
Mauldin,12435
Mark,12435
Jordon,12435
Gilman,12435
Perryman,12435
Newsom,12435
Menard,12435
Martino,12435
Graf,12435
Billingsley,12435
Artis,12435
Simpkins,12435
Salisbury,12435
Quintanilla,12435
Gilliland,12435
Fraley,12435
Foust,12435
Crouse,12435
Scarborough,12435
Ngo,12435
Grissom,12435
Fultz,12435
Rico,12435
Marlow,12435
Markham,12435
Madrigal,12435
Lawton,12435
Barfield,12435
Whiting,12435
Varney,12435
Schwarz,12435
Huey,12435
Gooch,12435
Arce,12435
Wheat,12435
Truong,12435
Poulin,12435
Mackenzie,12435
Leone,12435
Hurtado,12435
Selby,12435
Gaither,12435
Fortner,12435
Culpepper,12435
Coughlin,12435
Brinson,12435
Boudreau,12435
Barkley,12435
Bales,12435
Stepp,12435
Holm,12435
Tan,12435
Schilling,12435
Morrell,12435
Kahn,12435
Heaton,12435
Gamez,12435
Douglass,12435
Causey,12435
Brothers,12435
Turpin,12435
Shanks,12435
Schrader,12435
Meek,12435
Isom,12435
Hardison,12435
Carranza,12435
Yanez,12435
Way,12435
Scroggins,12435
Schofield,12435
Runyon,12435
Ratcliff,12435
Murrell,12435
Moeller,12435
Irby,12435
Currier,12435
Butterfield,12435
Yee,12435
Ralston,12435
Pullen,12435
Pinson,12435
Estep,12435
East,12435
Carbone,12435
Lance,12435
Hawks,12435
Ellington,12435
Casillas,12435
Spurlock,12435
Sikes,12435
Motley,12435
Mccartney,12435
Kruger,12435
Isbell,12435
Houle,12435
Francisco,12435
Burk,12435
Bone,12435
Tomlin,12435
Shelby,12435
Quigley,12435
Neumann,12435
Lovelace,12435
Fennell,12435
Colby,12435
Cheatham,12435
Bustamante,12435
Skidmore,12435
Hidalgo,12435
Forman,12435
Culp,12435
Bowens,12435
Betancourt,12435
Aquino,12435
Robb,12435
Rea,12435
Milner,12435
Martel,12435
Gresham,12435
Wiles,12435
Ricketts,12435
Gavin,12435
Dowd,12435
Collazo,12435
Bostic,12435
Blakely,12435
Sherrod,12435
Power,12435
Kenyon,12435
Gandy,12435
Ebert,12435
Deloach,12435
Cary,12435
Bull,12435
Allard,12435
Sauer,12435
Robins,12435
Olivares,12435
Gillette,12435
Chestnut,12435
Bourque,12435
Paine,12435
Lyman,12435
Hite,12435
Hauser,12435
Devore,12435
Crawley,12435
Chapa,12435
Vu,12435
Tobias,12435
Talbert,12435
Poindexter,12435
Millard,12435
Meador,12435
Mcduffie,12435
Mattox,12435
Kraus,12435
Harkins,12435
Choate,12435
Bess,12435
Wren,12435
Sledge,12435
Sanborn,12435
Outlaw,12435
Kinder,12435
Geary,12435
Cornwell,12435
Barclay,12435
Adam,12435
Abney,12435
Seward,12435
Rhoads,12435
Howland,12435
Fortier,12435
Easter,12435
Benner,12435
Vines,12435
Tubbs,12435
Troutman,12435
Rapp,12435
Noe,12435
Mccurdy,12435
Harder,12435
Deluca,12435
Westmoreland,12435
South,12435
Havens,12435
Guajardo,12435
Ely,12435
Clary,12435
Seal,12435
Meehan,12435
Herzog,12435
Guillen,12435
Ashcraft,12435
Waugh,12435
Renner,12435
Milam,12435
Jung,12435
Elrod,12435
Churchill,12435
Buford,12435
Breaux,12435
Bolin,12435
Asher,12435
Windham,12435
Tirado,12435
Pemberton,12435
Nolen,12435
Noland,12435
Knott,12435
Emmons,12435
Cornish,12435
Christenson,12435
Brownlee,12435
Barbee,12435
Waldrop,9948
Pitt,9948
Olvera,9948
Lombardi,9948
Gruber,9948
Gaffney,9948
Eggleston,9948
Banda,9948
Archuleta,9948
Still,9948
Slone,9948
Prewitt,9948
Pfeiffer,9948
Nettles,9948
Mena,9948
Mcadams,9948
Henning,9948
Gardiner,9948
Cromwell,9948
Chisholm,9948
Burleson,9948
Box,9948
Vest,9948
Oglesby,9948
Mccarter,9948
Malcolm,9948
Lumpkin,9948
Larue,9948
Grey,9948
Wofford,9948
Vanhorn,9948
Thorn,9948
Teel,9948
Swafford,9948
Stclair,9948
Stanfield,9948
Ocampo,9948
Herrmann,9948
Hannon,9948
Arsenault,9948
Roush,9948
Mcalister,9948
Hiatt,9948
Gunderson,9948
Forsythe,9948
Duggan,9948
Delvalle,9948
Cintron,9948
Wilks,9948
Weinstein,9948
Uribe,9948
Rizzo,9948
Noyes,9948
Mclendon,9948
Gurley,9948
Bethea,9948
Winstead,9948
Maples,9948
Harry,9948
Guyton,9948
Giordano,9948
Alderman,9948
Valdes,9948
Polanco,9948
Pappas,9948
Lively,9948
Grogan,9948
Griffiths,9948
Bobo,9948
Arevalo,9948
Whitson,9948
Sowell,9948
Rendon,9948
Matthew,9948
Julian,9948
Fernandes,9948
Farrow,9948
Edmond,9948
Benavidez,9948
Ayres,9948
Alicea,9948
Stump,9948
Smalley,9948
Seitz,9948
Schulte,9948
Gilley,9948
Gallant,9948
Dewey,9948
Casper,9948
Canfield,9948
Wolford,9948
Omalley,9948
Mcnutt,9948
Mcnulty,9948
Mcgovern,9948
Hardman,9948
Harbin,9948
Cowart,9948
Chavarria,9948
Brink,9948
Beckett,9948
Bagwell,9948
Armstead,9948
Anglin,9948
Abreu,9948
Reynoso,9948
Krebs,9948
Jett,9948
Hoffmann,9948
Greenfield,9948
Forte,9948
Burney,9948
Broome,9948
Sisson,9948
Parent,9948
Jude,9948
Younger,9948
Trammell,9948
Partridge,9948
Marvin,9948
Mace,9948
Lomax,9948
Lemieux,9948
Gossett,9948
Frantz,9948
Fogle,9948
Cooney,9948
Broughton,9948
Pence,9948
Paulsen,9948
Neil,9948
Muncy,9948
Mcarthur,9948
Hollins,9948
Edward,9948
Beauchamp,9948
Withers,9948
Osorio,9948
Mulligan,9948
Hoyle,9948
Foy,9948
Dockery,9948
Cockrell,9948
Begley,9948
Amador,9948
Roby,9948
Rains,9948
Lindquist,9948
Gentile,9948
Everhart,9948
Bohannon,9948
Wylie,9948
Thao,9948
Sommers,9948
Purnell,9948
Palma,9948
Fortin,9948
Dunning,9948
Breeden,9948
Vail,9948
Phelan,9948
Phan,9948
Marx,9948
Cosby,9948
Colburn,9948
Chong,9948
Boling,9948
Biddle,9948
Ledesma,9948
Gaddis,9948
Denney,9948
Chow,9948
Bueno,9948
Berrios,9948
Wicker,9948
Tolliver,9948
Thibodeaux,9948
Nagle,9948
Lavoie,9948
Fisk,9948
Do,9948
Crist,9948
Barbosa,9948
Reedy,9948
March,9948
Locklear,9948
Kolb,9948
Himes,9948
Behrens,9948
Beckwith,9948
Beckham,9948
Weems,9948
Wahl,9948
Shorter,9948
Shackelford,9948
Rees,9948
Muse,9948
Free,9948
Cerda,9948
Valadez,9948
Thibodeau,9948
Saavedra,9948
Ridgeway,9948
Reiter,9948
Mchenry,9948
Majors,9948
Lachance,9948
Keaton,9948
Israel,9948
Ferrara,9948
Falcon,9948
Clemens,9948
Blocker,9948
Applegate,9948
Paz,9948
Needham,9948
Mojica,9948
Kuykendall,9948
Hamel,9948
Escamilla,9948
Doughty,9948
Burchett,9948
Ainsworth,9948
Wilbur,9948
Vidal,9948
Upchurch,9948
Thigpen,9948
Strauss,9948
Spruill,9948
Sowers,9948
Riggins,9948
Ricker,9948
Mccombs,9948
Harlow,9948
Garnett,9948
Buffington,9948
Yi,9948
Sotelo,9948
Olivas,9948
Negrete,9948
Morey,9948
Macon,9948
Logsdon,9948
Lapointe,9948
Florence,9948
Cathey,9948
Bigelow,9948
Bello,9948
Westfall,9948
Stubblefield,9948
Peak,9948
Lindley,9948
Jeffrey,9948
Hein,9948
Hawes,9948
Farrington,9948
Edge,9948
Breen,9948
Birch,9948
Wilde,9948
Steed,9948
Sepulveda,9948
Reinhardt,9948
Proffitt,9948
Minter,9948
Messina,9948
Mcnabb,9948
Maier,9948
Keeler,9948
Gamboa,9948
Donohue,9948
Dexter,9948
Basham,9948
Shinn,9948
Orlando,9948
Crooks,9948
Cota,9948
Borders,9948
Bills,9948
Bachman,9948
Tisdale,9948
Tavares,9948
Schmid,9948
Pickard,9948
Jasper,9948
Gulley,9948
Fonseca,9948
Delossantos,9948
Condon,9948
Clancy,9948
Batista,9948
Wicks,9948
Wadsworth,9948
New,9948
Martell,9948
Lo,9948
Littleton,9948
Ison,9948
Haag,9948
Folsom,9948
Brumfield,9948
Broyles,9948
Brito,9948
Mireles,9948
Mcdonnell,9948
Leclair,9948
Hamblin,9948
Gough,9948
Fanning,9948
Binder,9948
Winfield,9948
Whitworth,9948
Soriano,9948
Palumbo,9948
Newkirk,9948
Mangum,9948
Hutcherson,9948
Comstock,9948
Cecil,9948
Carlin,9948
Beall,9948
Bair,9948
Wendt,9948
Watters,9948
Walling,9948
Putman,9948
Otoole,9948
Oliva,9948
Morley,9948
Mares,9948
Lemus,9948
Keener,9948
Jeffery,9948
Hundley,9948
Dial,9948
Damico,9948
Billups,9948
Strother,9948
Mcfarlane,9948
Lamm,9948
Eaves,9948
Crutcher,9948
Caraballo,9948
Canty,9948
Atwell,9948
Taft,9948
Siler,9948
Rust,9948
Rawls,9948
Rawlings,9948
Prieto,9948
Niles,9948
Mcneely,9948
Mcafee,9948
Hulsey,9948
Harlan,9948
Hackney,9948
Galvez,9948
Escalante,9948
Delagarza,9948
Crider,9948
Charlton,9948
Bandy,9948
Wilbanks,9948
Stowe,9948
Steinberg,9948
Samson,9948
Renfro,9948
Masterson,9948
Massie,9948
Lanham,9948
Haskell,9948
Hamrick,9948
Fort,9948
Dehart,9948
Card,9948
Burdette,9948
Branson,9948
Bourne,9948
Babin,9948
Aleman,9948
Worthy,9948
Tibbs,9948
Sweat,9948
Smoot,9948
Slack,9948
Paradis,9948
Packard,9948
Mull,9948
Luce,9948
Houghton,9948
Gantt,9948
Furman,9948
Danner,9948
Christianson,9948
Burge,9948
Broderick,9948
Ashford,9948
Arndt,9948
Almeida,9948
Stallworth,9948
Shade,9948
Searcy,9948
Sager,9948
Noonan,9948
Mclemore,9948
Mcintire,9948
Maxey,9948
Lavigne,9948
Jobe,9948
Ireland,9948
Ferrer,9948
Falk,9948
Edgar,9948
Coffin,9948
Byrnes,9948
Aranda,9948
Apodaca,9948
Stamps,9948
Rounds,9948
Peek,9948
Olmstead,9948
Lewandowski,9948
Kaminski,9948
Her,9948
Dunaway,9948
Bruns,9948
Brackett,9948
Amato,9948
Reich,9948
Mcclung,9948
Lacroix,9948
Koontz,9948
Herrick,9948
Hardesty,9948
Flanders,9948
Cousins,9948
Close,9948
Cato,9948
Cade,9948
Vickery,9948
Shank,9948
Nagel,9948
Dupuis,9948
Croteau,9948
Cotter,9948
Cable,9948
Stuckey,9948
Stine,9948
Porterfield,9948
Pauley,9948
Nye,9948
Moffitt,9948
Lu,9948
Knudsen,9948
Hardwick,9948
Goforth,9948
Dupont,9948
Blunt,9948
Barrows,9948
Barnhill,9948
Shull,9948
Rash,9948
Ralph,9948
Penny,9948
Lorenzo,9948
Loftis,9948
Lemay,9948
Kitchens,9948
Horvath,9948
Grenier,9948
Fuchs,9948
Fairbanks,9948
Culbertson,9948
Calkins,9948
Burnside,9948
Beattie,9948
Ashworth,9948
Albertson,9948
Wertz,9948
Vo,9948
Vaught,9948
Vallejo,9948
Tyree,9948
Turk,9948
Tuck,9948
Tijerina,9948
Sage,9948
Picard,9948
Peterman,9948
Otis,9948
Marroquin,9948
Marr,9948
Lantz,9948
Hoang,9948
Demarco,9948
Daily,9948
Cone,9948
Berube,9948
Barnette,9948
Wharton,9948
Stinnett,9948
Slocum,9948
Scanlon,9948
Sander,9948
Pinto,9948
Mancuso,9948
Lima,9948
Judge,9948
Headley,9948
Epstein,9948
Counts,9948
Clarkson,9948
Carnahan,9948
Brice,9948
Boren,9948
Arteaga,9948
Adame,9948
Zook,9948
Whittle,9948
Whitehurst,9948
Wenzel,9948
Saxton,9948
Rhea,9948
Reddick,9948
Puente,9948
Hazel,9948
Handley,9948
Haggerty,9948
Earley,9948
Devlin,9948
Dallas,9948
Chaffin,9948
Cady,9948
Ahmed,9948
Acuna,9948
Solano,9948
Sigler,9948
Pollack,9948
Pendergrass,9948
Ostrander,9948
Janes,9948
Francois,9948
Fine,9948
Crutchfield,9948
Cordell,9948
Chamberlin,9948
Brubaker,9948
Baptiste,9948
Willson,9948
Reis,9948
Neeley,9948
Mullin,9948
Mercier,9948
Lira,9948
Layman,9948
Keeling,9948
Higdon,9948
Guest,9948
Forrester,9948
Espinal,9948
Dion,9948
Chapin,9948
Carl,9948
Warfield,9948
Toledo,9948
Pulido,9948
Peebles,9948
Nagy,9948
Montague,9948
Mello,9948
Lear,9948
Jaeger,9948
Hogg,9948
Graff,9948
Furr,9948
Derrick,9948
Cave,9948
Canada,9948
Soliz,9948
Poore,9948
Mendenhall,9948
Mclaurin,9948
Maestas,9948
Low,9948
Gable,9948
Belt,9948
Barraza,9948
Tillery,9948
Snead,9948
Pond,9948
Neill,9948
Mcculloch,9948
Mccorkle,9948
Lightfoot,9948
Hutchings,9948
Holloman,9948
Harness,9948
Dorn,9948
Council,9948
Bock,9948
Zielinski,9948
Turley,9948
Treadwell,9948
Stpierre,9948
Starling,9948
Somers,9948
Oswald,9948
Merrick,9948
Marquis,9948
Ivory,9948
Easterling,9948
Bivens,9948
Truitt,9948
Poston,9948
Parry,9948
Ontiveros,9948
Olivarez,9948
Neville,9948
Moreau,9948
Medlin,9948
Ma,9948
Lenz,9948
Knowlton,9948
Fairley,9948
Cobbs,9948
Chisolm,9948
Bannister,9948
Woodworth,9948
Toler,9948
Ocasio,9948
Noriega,9948
Neuman,9948
Moye,9948
Milburn,9948
Mcclanahan,9948
Lilley,9948
Hanes,9948
Flannery,9948
Dellinger,9948
Danielson,9948
Conti,9948
Blodgett,9948
Beers,9948
Weatherford,9948
Strain,9948
Karr,9948
Hitt,9948
Denham,9948
Custer,9948
Coble,9948
Clough,9948
Casteel,9948
Bolduc,9948
Batchelor,9948
Ammons,9948
Whitlow,9948
Tierney,9948
Staten,9948
Sibley,9948
Seifert,9948
Schubert,9948
Salcedo,9948
Mattison,9948
Laney,9948
Haggard,9948
Grooms,9948
Dix,9948
Dees,9948
Cromer,9948
Cooks,9948
Colson,9948
Caswell,9948
Zarate,9948
Swisher,9948
Stacey,9948
Shin,9948
Ragan,9948
Pridgen,9948
Mcvey,9948
Matheny,9948
Leigh,9948
Lafleur,9948
Franz,9948
Ferraro,9948
Dugger,9948
Whiteside,9948
Rigsby,9948
Mcmurray,9948
Lehmann,9948
Large,9948
Jacoby,9948
Hildebrand,9948
Hendrick,9948
Headrick,9948
Goad,9948
Fincher,9948
Drury,9948
Borges,9948
Archibald,9948
Albers,9948
Woodcock,9948
Trapp,9948
Soares,9948
Seaton,9948
Richie,9948
Monson,9948
Luckett,9948
Lindberg,9948
Kopp,9948
Keeton,9948
Hsu,9948
Healey,9948
Garvey,9948
Gaddy,9948
Fain,9948
Burchfield,9948
Badger,9948
Wentworth,9948
Strand,9948
Stack,9948
Spooner,9948
Saucier,9948
Sales,9948
Ruby,9948
Ricci,9948
Plunkett,9948
Pannell,9948
Ness,9948
Leger,9948
Hoy,9948
Freitas,9948
Fong,9948
Elizondo,9948
Duval,9948
Chun,9948
Calvin,9948
Beaudoin,9948
Urbina,9948
Stock,9948
Rickard,9948
Partin,9948
Moe,9948
Mcgrew,9948
Mcclintock,9948
Ledoux,9948
Forsyth,9948
Faison,9948
Devries,9948
Bertrand,9948
Wasson,7461
Tilton,7461
Scarbrough,7461
Pride,7461
Oh,7461
Leung,7461
Larry,7461
Irvine,7461
Garber,7461
Denning,7461
Corral,7461
Colley,7461
Castleberry,7461
Bowlin,7461
Bogan,7461
Beale,7461
Baines,7461
TRUE,7461
Trice,7461
Rayburn,7461
Parkinson,7461
Pak,7461
Nunes,7461
Mcmillen,7461
Leahy,7461
Lea,7461
Kimmel,7461
Higgs,7461
Fulmer,7461
Carden,7461
Bedford,7461
Taggart,7461
Spearman,7461
Register,7461
Prichard,7461
Morrill,7461
Koonce,7461
Heinz,7461
Hedges,7461
Guenther,7461
Grice,7461
Findley,7461
Earle,7461
Dover,7461
Creighton,7461
Boothe,7461
Bayer,7461
Arreola,7461
Vitale,7461
Valles,7461
See,7461
Raney,7461
Peter,7461
Osgood,7461
Lowell,7461
Hanlon,7461
Burley,7461
Bounds,7461
Worden,7461
Weatherly,7461
Vetter,7461
Tanaka,7461
Stiltner,7461
Sell,7461
Nevarez,7461
Mosby,7461
Montero,7461
Melancon,7461
Harter,7461
Hamer,7461
Goble,7461
Gladden,7461
Gist,7461
Ginn,7461
Akin,7461
Zaragoza,7461
Towns,7461
Tarver,7461
Sammons,7461
Royster,7461
Oreilly,7461
Muir,7461
Morehead,7461
Luster,7461
Kingsley,7461
Kelso,7461
Grisham,7461
Glynn,7461
Baumann,7461
Alves,7461
Yount,7461
Tamayo,7461
Tam,7461
Paterson,7461
Oates,7461
Menendez,7461
Longo,7461
Hargis,7461
Greenlee,7461
Gillen,7461
Desantis,7461
Conover,7461
Breedlove,7461
Wayne,7461
Sumpter,7461
Scherer,7461
Rupp,7461
Reichert,7461
Heredia,7461
Fallon,7461
Creel,7461
Cohn,7461
Clemmons,7461
Casas,7461
Bickford,7461
Belton,7461
Bach,7461
Williford,7461
Whitcomb,7461
Tennant,7461
Sutter,7461
Stull,7461
Sessions,7461
Mccallum,7461
Manson,7461
Langlois,7461
Keel,7461
Keegan,7461
Emanuel,7461
Dangelo,7461
Dancy,7461
Damron,7461
Clapp,7461
Clanton,7461
Bankston,7461
Trinidad,7461
Oliveira,7461
Mintz,7461
Mcinnis,7461
Martens,7461
Mabe,7461
Laster,7461
Jolley,7461
Irish,7461
Hildreth,7461
Hefner,7461
Glaser,7461
Duckett,7461
Demers,7461
Brockman,7461
Blais,7461
Back,7461
Alcorn,7461
Agnew,7461
Toliver,7461
Tice,7461
Song,7461
Seeley,7461
Najera,7461
Musser,7461
Mcfall,7461
Laplante,7461
Galvin,7461
Fajardo,7461
Doan,7461
Coyne,7461
Copley,7461
Clawson,7461
Cheung,7461
Barone,7461
Wynne,7461
Woodley,7461
Tremblay,7461
Stoll,7461
Sparrow,7461
Sparkman,7461
Schweitzer,7461
Sasser,7461
Samples,7461
Roney,7461
Ramon,7461
Legg,7461
Lai,7461
Joe,7461
Heim,7461
Farias,7461
Concepcion,7461
Colwell,7461
Christman,7461
Bratcher,7461
Alba,7461
Winchester,7461
Upshaw,7461
Southerland,7461
Sorrell,7461
Shay,7461
Sells,7461
Mount,7461
Mccloskey,7461
Martindale,7461
Luttrell,7461
Loveless,7461
Lovejoy,7461
Linares,7461
Latimer,7461
Holly,7461
Embry,7461
Coombs,7461
Bratton,7461
Bostick,7461
Boss,7461
Venable,7461
Tuggle,7461
Toro,7461
Staggs,7461
Sandlin,7461
Jefferies,7461
Heckman,7461
Griffis,7461
Crayton,7461
Clem,7461
Button,7461
Browder,7461
Allan,7461
Thorton,7461
Sturgill,7461
Sprouse,7461
Royer,7461
Rousseau,7461
Ridenour,7461
Pogue,7461
Perales,7461
Peeples,7461
Metzler,7461
Mesa,7461
Mccutcheon,7461
Mcbee,7461
Jay,7461
Hornsby,7461
Heffner,7461
Corrigan,7461
Armijo,7461
Vue,7461
Romeo,7461
Plante,7461
Peyton,7461
Paredes,7461
Macklin,7461
Hussey,7461
Hodgson,7461
Granados,7461
Frias,7461
Carman,7461
Brent,7461
Becnel,7461
Batten,7461
Almanza,7461
Turney,7461
Teal,7461
Sturgeon,7461
Meeker,7461
Mcdaniels,7461
Limon,7461
Keeney,7461
Kee,7461
Hutto,7461
Holguin,7461
Gorham,7461
Fishman,7461
Fierro,7461
Blanchette,7461
Rodrigue,7461
Reddy,7461
Osburn,7461
Oden,7461
Lerma,7461
Kirkwood,7461
Keefer,7461
Haugen,7461
Hammett,7461
Chalmers,7461
Carlos,7461
Brinkman,7461
Baumgartner,7461
Zhang,7461
Valerio,7461
Tellez,7461
Steffen,7461
Shumate,7461
Sauls,7461
Ripley,7461
Kemper,7461
Jacks,7461
Guffey,7461
Evers,7461
Craddock,7461
Carvalho,7461
Blaylock,7461
Banuelos,7461
Balderas,7461
Wooden,7461
Wheaton,7461
Turnbull,7461
Shuman,7461
Pointer,7461
Mosier,7461
Mccue,7461
Ligon,7461
Kozlowski,7461
Johansen,7461
Ingle,7461
Herr,7461
Briones,7461
Southern,7461
Snipes,7461
Rickman,7461
Pipkin,7461
Peace,7461
Pantoja,7461
Orosco,7461
Moniz,7461
Lawless,7461
Kunkel,7461
Hibbard,7461
Galarza,7461
Enos,7461
Bussey,7461
Settle,7461
Schott,7461
Salcido,7461
Perreault,7461
Mcdougal,7461
Mccool,7461
Haight,7461
Garris,7461
Ferry,7461
Easton,7461
Conyers,7461
Atherton,7461
Wimberly,7461
Utley,7461
Stephen,7461
Spellman,7461
Smithson,7461
Slagle,7461
Skipper,7461
Ritchey,7461
Rand,7461
Petit,7461
Osullivan,7461
Oaks,7461
Nutt,7461
Mcvay,7461
Mccreary,7461
Mayhew,7461
Knoll,7461
Jewett,7461
Harwood,7461
Hailey,7461
Cardoza,7461
Ashe,7461
Arriaga,7461
Andres,7461
Zeller,7461
Wirth,7461
Whitmire,7461
Stauffer,7461
Spring,7461
Rountree,7461
Redden,7461
Mccaffrey,7461
Martz,7461
Loving,7461
Larose,7461
Langdon,7461
Humes,7461
Gaskin,7461
Faber,7461
Doll,7461
Devito,7461
Cass,7461
Almond,7461
Wingfield,7461
Wingate,7461
Villareal,7461
Tyner,7461
Smothers,7461
Severson,7461
Reno,7461
Pennell,7461
Maupin,7461
Leighton,7461
Janssen,7461
Hassell,7461
Hallman,7461
Halcomb,7461
Folse,7461
Fitzsimmons,7461
Fahey,7461
Cranford,7461
Bolen,7461
Battles,7461
Battaglia,7461
Wooldridge,7461
Weed,7461
Trask,7461
Rosser,7461
Regalado,7461
Mcewen,7461
Keefe,7461
Fuqua,7461
Echevarria,7461
Domingo,7461
Dang,7461
Caro,7461
Boynton,7461
Andrus,7461
Wild,7461
Viera,7461
Vanmeter,7461
Taber,7461
Spradlin,7461
Seibert,7461
Provost,7461
Prentice,7461
Oliphant,7461
Laporte,7461
Hwang,7461
Hatchett,7461
Hass,7461
Greiner,7461
Freedman,7461
Covert,7461
Chilton,7461
Byars,7461
Wiese,7461
Venegas,7461
Swank,7461
Shrader,7461
Roderick,7461
Roberge,7461
Mullis,7461
Mortensen,7461
Mccune,7461
Marlowe,7461
Kirchner,7461
Keck,7461
Isaacson,7461
Hostetler,7461
Halverson,7461
Gunther,7461
Griswold,7461
Gerard,7461
Fenner,7461
Durden,7461
Blackwood,7461
Bertram,7461
Ahrens,7461
Sawyers,7461
Savoy,7461
Nabors,7461
Mcswain,7461
Mackay,7461
Loy,7461
Lavender,7461
Lash,7461
Labbe,7461
Jessup,7461
Hubert,7461
Fullerton,7461
Donnell,7461
Cruse,7461
Crittenden,7461
Correia,7461
Centeno,7461
Caudle,7461
Canady,7461
Callender,7461
Alarcon,7461
Ahern,7461
Winfrey,7461
Tribble,7461
Tom,7461
Styles,7461
Salley,7461
Roden,7461
Musgrove,7461
Minnick,7461
Fortenberry,7461
Carrion,7461
Bunting,7461
Bethel,7461
Batiste,7461
Woo,7461
Whited,7461
Underhill,7461
Stillwell,7461
Silvia,7461
Rauch,7461
Pippin,7461
Perrin,7461
Messenger,7461
Mancini,7461
Lister,7461
Kinard,7461
Hartmann,7461
Fleck,7461
Broadway,7461
Wilt,7461
Treadway,7461
Thornhill,7461
Speed,7461
Spalding,7461
Sam,7461
Rafferty,7461
Pitre,7461
Patino,7461
Ordonez,7461
Linkous,7461
Kelleher,7461
Homan,7461
Holiday,7461
Galbraith,7461
Feeney,7461
Dorris,7461
Curtin,7461
Coward,7461
Camarillo,7461
Buss,7461
Bunnell,7461
Bolt,7461
Beeler,7461
Autry,7461
Alcala,7461
Witte,7461
Wentz,7461
Stidham,7461
Shively,7461
Nunley,7461
Meacham,7461
Martins,7461
Lemke,7461
Lefebvre,7461
Kaye,7461
Hynes,7461
Horowitz,7461
Hoppe,7461
Holcombe,7461
Estrella,7461
Dunne,7461
Derr,7461
Cochrane,7461
Brittain,7461
Bedard,7461
Beauregard,7461
Torrence,7461
Strunk,7461
Soria,7461
Simonson,7461
Shumaker,7461
Scoggins,7461
Packer,7461
Oconner,7461
Moriarty,7461
Leroy,7461
Kuntz,7461
Ives,7461
Hutcheson,7461
Horan,7461
Hales,7461
Garmon,7461
Fitts,7461
Dell,7461
Bohn,7461
Atchison,7461
Worth,7461
Wisniewski,7461
Will,7461
Vanwinkle,7461
Sturm,7461
Sallee,7461
Prosser,7461
Moen,7461
Lundberg,7461
Kunz,7461
Kohl,7461
Keane,7461
Jorgenson,7461
Jaynes,7461
Funderburk,7461
Freed,7461
Frame,7461
Durr,7461
Creamer,7461
Cosgrove,7461
Candelaria,7461
Berlin,7461
Batson,7461
Vanhoose,7461
Thomsen,7461
Teeter,7461
Sommer,7461
Smyth,7461
Sena,7461
Redmon,7461
Orellana,7461
Maness,7461
Lennon,7461
Heflin,7461
Goulet,7461
Frick,7461
Forney,7461
Dollar,7461
Bunker,7461
Asbury,7461
Aguiar,7461
Talbott,7461
Southard,7461
Pleasant,7461
Mowery,7461
Mears,7461
Lemmon,7461
Krieger,7461
Hickson,7461
Gracia,7461
Elston,7461
Duong,7461
Delgadillo,7461
Dayton,7461
Dasilva,7461
Conaway,7461
Catron,7461
Bruton,7461
Bradbury,7461
Bordelon,7461
Bivins,7461
Bittner,7461
Bergstrom,7461
Beals,7461
Abell,7461
Whelan,7461
Travers,7461
Tejada,7461
Pulley,7461
Pino,7461
Norfleet,7461
Nealy,7461
Maes,7461
Loper,7461
Held,7461
Gerald,7461
Gatewood,7461
Frierson,7461
Freund,7461
Finnegan,7461
Cupp,7461
Covey,7461
Catalano,7461
Boehm,7461
Bader,7461
Yoon,7461
Walston,7461
Tenney,7461
Sipes,7461
Roller,7461
Rawlins,7461
Medlock,7461
Mccaskill,7461
Mccallister,7461
Marcotte,7461
Maclean,7461
Hughey,7461
Henke,7461
Harwell,7461
Gladney,7461
Gilson,7461
Dew,7461
Chism,7461
Caskey,7461
Brandenburg,7461
Baylor,7461
Villasenor,7461
Veal,7461
Van,7461
Thatcher,7461
Stegall,7461
Shore,7461
Petrie,7461
Nowlin,7461
Navarrete,7461
Muhammad,7461
Lombard,7461
Loftin,7461
Lemaster,7461
Kroll,7461
Kovach,7461
Kimbrell,7461
Kidwell,7461
Hershberger,7461
Fulcher,7461
Eng,7461
Cantwell,7461
Bustos,7461
Boland,7461
Bobbitt,7461
Binkley,7461
Wester,7461
Weis,7461
Verdin,7461
Tong,7461
Tiller,7461
Sisco,7461
Sharkey,7461
Seymore,7461
Rosenbaum,7461
Rohr,7461
Quinonez,7461
Pinkston,7461
Nation,7461
Malley,7461
Logue,7461
Lessard,7461
Lerner,7461
Lebron,7461
Krauss,7461
Klinger,7461
Halstead,7461
Haller,7461
Getz,7461
Burrow,7461
Brant,7461
Alger,7461
Victor,7461
Shores,7461
Scully,7461
Pounds,7461
Pfeifer,7461
Perron,7461
Nelms,7461
Munn,7461
Mcmaster,7461
Mckenney,7461
Manns,7461
Knudson,7461
Hutchens,7461
Huskey,7461
Goebel,7461
Flagg,7461
Cushman,7461
Click,7461
Castellano,7461
Carder,7461
Bumgarner,7461
Blaine,7461
Bible,7461
Wampler,7461
Spinks,7461
Robson,7461
Neel,7461
Mcreynolds,7461
Mathias,7461
Maas,7461
Loera,7461
Kasper,7461
Jose,7461
Jenson,7461
Florez,7461
Coons,7461
Buckingham,7461
Brogan,7461
Berryman,7461
Wilmoth,7461
Wilhite,7461
Thrash,7461
Shephard,7461
Seidel,7461
Schulze,7461
Roldan,7461
Pettis,7461
Obryan,7461
Maki,7461
Mackie,7461
Hatley,7461
Frazer,7461
Fiore,7461
Falls,7461
Chesser,7461
Bui,7461
Bottoms,7461
Bisson,7461
Benefield,7461
Allman,7461
Wilke,7461
Trudeau,7461
Timm,7461
Shifflett,7461
Rau,7461
Mundy,7461
Milliken,7461
Mayers,7461
Leake,7461
Kohn,7461
Huntington,7461
Horsley,7461
Hermann,7461
Guerin,7461
Fryer,7461
Frizzell,7461
Foret,7461
Flemming,7461
Fife,7461
Criswell,7461
Carbajal,7461
Bozeman,7461
Boisvert,7461
Archie,7461
Antonio,7461
Angulo,7461
Wallen,7461
Tapp,7461
Silvers,7461
Ramsay,7461
Oshea,7461
Orta,7461
Moll,7461
Mckeever,7461
Mcgehee,7461
Luciano,7461
Linville,7461
Kiefer,7461
Ketchum,7461
Howerton,7461
Groce,7461
Gaylord,7461
Gass,7461
Fusco,7461
Corbitt,7461
Blythe,7461
Betz,7461
Bartels,7461
Amaral,7461
Aiello,7461
Yoo,7461
Weddle,7461
Troy,7461
Sun,7461
Sperry,7461
Seiler,7461
Runyan,7461
Raley,7461
Overby,7461
Osteen,7461
Olds,7461
Mckeown,7461
Mauro,7461
Matney,7461
Lauer,7461
Lattimore,7461
Hindman,7461
Hartwell,7461
Fredrickson,7461
Fredericks,7461
Espino,7461
Clegg,7461
Carswell,7461
Cambell,7461
Burkholder,7461
August,7461
Woodbury,7461
Welker,7461
Totten,7461
Thornburg,7461
Theriault,7461
Stitt,7461
Stamm,7461
Stackhouse,7461
Simone,7461
Scholl,7461
Saxon,7461
Rife,7461
Razo,7461
Quinlan,7461
Pinkerton,7461
Olivo,7461
Nesmith,7461
Nall,7461
Mattos,7461
Leak,7461
Lafferty,7461
Justus,7461
Giron,7461
Geer,7461
Fielder,7461
Eagle,7461
Drayton,7461
Dortch,7461
Conners,7461
Conger,7461
Chau,7461
Boatwright,7461
Billiot,7461
Barden,7461
Armenta,7461
Antoine,7461
Tibbetts,7461
Steadman,7461
Slattery,7461
Sides,7461
Rinaldi,7461
Raynor,7461
Rayford,7461
Pinckney,7461
Pettigrew,7461
Nickel,7461
Milne,7461
Matteson,7461
Halsey,7461
Gonsalves,7461
Fellows,7461
Durand,7461
Desimone,7461
Cowley,7461
Cowles,7461
Brill,7461
Barham,7461
Barela,7461
Barba,7461
Ashmore,7461
Withrow,7461
Valenti,7461
Tejeda,7461
Spriggs,7461
Sayre,7461
Salerno,7461
Place,7461
Peltier,7461
Peel,7461
Merriman,7461
Matheson,7461
Lowman,7461
Lindstrom,7461
Hyland,7461
Homer,7461
Ha,7461
Giroux,7461
Fries,7461
Frasier,7461
Earls,7461
Dugas,7461
Damon,7461
Dabney,7461
Collado,7461
Briseno,7461
Baxley,7461
Andre,7461
Word,7461
Whyte,7461
Wenger,7461
Vanover,7461
Vanburen,7461
Thiel,7461
Schindler,7461
Schiller,7461
Rigby,7461
Pomeroy,7461
Passmore,7461
Marble,7461
Manzo,7461
Mahaffey,7461
Lindgren,7461
Laflamme,7461
Greathouse,7461
Fite,7461
Ferrari,7461
Calabrese,7461
Bayne,7461
Yamamoto,7461
Wick,7461
Townes,7461
Thames,7461
Steel,7461
Reinhart,7461
Peeler,7461
Naranjo,7461
Montez,7461
Mcdade,7461
Mast,7461
Markley,7461
Marchand,7461
Leeper,7461
Kong,7461
Kellum,7461
Hudgens,7461
Hennessey,7461
Hadden,7461
Guess,7461
Gainey,7461
Coppola,7461
Borrego,7461
Bolling,7461
Beane,7461
Ault,7461
Slaton,7461
Poland,7461
Pape,7461
Null,7461
Mulkey,7461
Lightner,7461
Langer,7461
Hillard,7461
Glasgow,7461
Fabian,7461
Ethridge,7461
Enright,7461
Derosa,7461
Baskin,7461
Alfred,7461
Weinberg,7461
Turman,7461
Tinker,7461
Somerville,7461
Pardo,7461
Noll,7461
Lashley,7461
Ingraham,7461
Hiller,7461
Hendon,7461
Glaze,7461
Flora,7461
Cothran,7461
Cooksey,7461
Conte,7461
Carrico,7461
Apple,7461
Abner,7461
Wooley,7461
Swope,7461
Summerlin,7461
Sturgis,7461
Sturdivant,7461
Stott,7461
Spurgeon,7461
Spillman,7461
Speight,7461
Roussel,7461
Popp,7461
Nutter,7461
Mckeon,7461
Mazza,7461
Magnuson,7461
Lanning,7461
Kozak,7461
Jankowski,7461
Heyward,7461
Forster,7461
Corwin,7461
Callaghan,7461
Bays,7461
Wortham,7461
Usher,7461
Theriot,7461
Sayers,7461
Sabo,7461
Rupert,7461
Poling,7461
Nathan,7461
Loya,7461
Lieberman,7461
Levi,7461
Laroche,7461
Labelle,7461
Howes,7461
Harr,7461
Garay,7461
Fogarty,7461
Everson,7461
Durkin,7461
Dominquez,7461
Chaves,7461
Chambliss,7461
Alfonso,7461
Witcher,7461
Wilber,7461
Vieira,7461
Vandiver,7461
Terrill,7461
Stoker,7461
Schreiner,7461
Nestor,7461
Moorman,7461
Liddell,7461
Lew,7461
Lawhorn,7461
Krug,7461
Irons,7461
Hylton,7461
Hollenbeck,7461
Herrin,7461
Hembree,7461
Hair,7461
Goolsby,7461
Goodin,7461
Gilmer,7461
Foltz,7461
Dinkins,7461
Daughtry,7461
Caban,7461
Brim,7461
Briley,7461
Bilodeau,7461
Bear,7461
Wyant,7461
Vergara,7461
Tallent,7461
Swearingen,7461
Stroup,7461
Sherry,7461
Scribner,7461
Roger,7461
Quillen,7461
Pitman,7461
Monaco,7461
Mccants,7461
Maxfield,7461
Martinson,7461
Landon,7461
Holtz,7461
Flournoy,7461
Brookins,7461
Brody,7461
Baumgardner,7461
Angelo,7461
Straub,7461
Sills,7461
Roybal,7461
Roundtree,7461
Oswalt,7461
Money,7461
Mcgriff,7461
Mcdougall,7461
Mccleary,7461
Maggard,7461
Gragg,7461
Gooding,7461
Godinez,7461
Doolittle,7461
Donato,7461
Cowell,7461
Cassell,7461
Bracken,7461
Appel,7461
Ahmad,7461
Zambrano,7461
Reuter,7461
Perea,7461
Olive,7461
Nakamura,7461
Monaghan,7461
Mickens,7461
Mcclinton,7461
Mcclary,7461
Marler,7461
Kish,7461
Judkins,7461
Gilbreath,7461
Freese,7461
Flanigan,7461
Felts,7461
Erdmann,7461
Dodds,7461
Chew,7461
Brownell,7461
Brazil,7461
Boatright,7461
Barreto,7461
Slayton,7461
Sandberg,7461
Saldivar,7461
Pettway,7461
Odum,7461
Narvaez,7461
Moultrie,7461
Montemayor,7461
Merrell,7461
Lees,7461
Keyser,7461
Hoke,7461
Hardaway,7461
Hannan,7461
Gilbertson,7461
Fogg,7461
Dumont,7461
Deberry,7461
Coggins,7461
Carrera,7461
Buxton,7461
Bucher,7461
Broadnax,7461
Beeson,7461
Araujo,7461
Appleton,7461
Amundson,7461
Aguayo,7461
Ackley,7461
Yocum,7461
Worsham,7461
Shivers,7461
Shelly,7461
Sanches,7461
Sacco,7461
Robey,7461
Rhoden,7461
Pender,7461
Ochs,7461
Mccurry,7461
Madera,7461
Luong,7461
Luis,7461
Knotts,7461
Jackman,7461
Heinrich,7461
Hargrave,7461
Gault,7461
Forest,7461
Comeaux,7461
Chitwood,7461
Child,7461
Caraway,7461
Boettcher,7461
Bernhardt,7461
Barrientos,7461
Zink,7461
Wickham,7461
Whiteman,7461
Thorp,7461
Stillman,7461
Settles,7461
Schoonover,7461
Roque,7461
Riddell,7461
Rey,7461
Pilcher,7461
Phifer,7461
Novotny,7461
Maple,7461
Macleod,7461
Hardee,7461
Haase,7461
Grider,7461
Fredrick,7461
Earnest,7461
Doucette,7461
Clausen,7461
Christmas,7461
Bevins,7461
Beamon,7461
Badillo,7461
Tolley,4974
Tindall,4974
Soule,4974
Snook,4974
Sebastian,4974
Seale,4974
Pitcher,4974
Pinkney,4974
Pellegrino,4974
Nowell,4974
Nemeth,4974
Nail,4974
Mondragon,4974
Mclane,4974
Lundgren,4974
Ingalls,4974
Hudspeth,4974
Hixson,4974
Gearhart,4974
Furlong,4974
Downes,4974
Dionne,4974
Dibble,4974
Deyoung,4974
Cornejo,4974
Camara,4974
Brookshire,4974
Boyette,4974
Wolcott,4974
Tracey,4974
Surratt,4974
Sellars,4974
Segal,4974
Salyer,4974
Reeve,4974
Rausch,4974
Philips,4974
Labonte,4974
Haro,4974
Gower,4974
Freeland,4974
Fawcett,4974
Eads,4974
Driggers,4974
Donley,4974
Collett,4974
Cage,4974
Bromley,4974
Boatman,4974
Ballinger,4974
Baldridge,4974
Volz,4974
Trombley,4974
Stonge,4974
Silas,4974
Shanahan,4974
Rivard,4974
Rhyne,4974
Pedroza,4974
Matias,4974
Mallard,4974
Jamieson,4974
Hedgepeth,4974
Hartnett,4974
Estevez,4974
Eskridge,4974
Denman,4974
Chiu,4974
Chinn,4974
Catlett,4974
Carmack,4974
Buie,4974
Book,4974
Bechtel,4974
Beardsley,4974
Bard,4974
Ballou,4974
Windsor,4974
Ulmer,4974
Storm,4974
Skeen,4974
Robledo,4974
Rincon,4974
Reitz,4974
Piazza,4974
Pearl,4974
Munger,4974
Moten,4974
Mcmichael,4974
Loftus,4974
Ledet,4974
Kersey,4974
Groff,4974
Fowlkes,4974
Folk,4974
Crumpton,4974
Collette,4974
Clouse,4974
Bettis,4974
Villagomez,4974
Timmerman,4974
Strom,4974
Saul,4974
Santoro,4974
Roddy,4974
Phillip,4974
Penrod,4974
Musselman,4974
Macpherson,4974
Leboeuf,4974
Harless,4974
Haddad,4974
Guido,4974
Golding,4974
Fulkerson,4974
Fannin,4974
Dulaney,4974
Dowdell,4974
Deane,4974
Cottle,4974
Ceja,4974
Cate,4974
Bosley,4974
Benge,4974
Albritton,4974
Voigt,4974
Trowbridge,4974
Soileau,4974
Seely,4974
Rome,4974
Rohde,4974
Pearsall,4974
Paulk,4974
Orth,4974
Nason,4974
Mota,4974
Mcmullin,4974
Marquardt,4974
Madigan,4974
Hoag,4974
Gillum,4974
Gayle,4974
Gabbard,4974
Fenwick,4974
Fender,4974
Eck,4974
Danforth,4974
Cushing,4974
Cress,4974
Creed,4974
Cazares,4974
Casanova,4974
Bey,4974
Bettencourt,4974
Barringer,4974
Baber,4974
Stansberry,4974
Schramm,4974
Rutter,4974
Rivero,4974
Race,4974
Oquendo,4974
Necaise,4974
Mouton,4974
Montenegro,4974
Miley,4974
Mcgough,4974
Marra,4974
Macmillan,4974
Lock,4974
Lamontagne,4974
Jasso,4974
Jaime,4974
Horst,4974
Hetrick,4974
Heilman,4974
Gaytan,4974
Gall,4974
Fried,4974
Fortney,4974
Eden,4974
Dingle,4974
Desjardins,4974
Dabbs,4974
Burbank,4974
Brigham,4974
Breland,4974
Beaman,4974
Banner,4974
Arriola,4974
Yarborough,4974
Wallin,4974
Treat,4974
Toscano,4974
Stowers,4974
Reiss,4974
Pichardo,4974
Orton,4974
Mitchel,4974
Michels,4974
Mcnamee,4974
Mccrory,4974
Leatherman,4974
Kell,4974
Keister,4974
Jerome,4974
Horning,4974
Hargett,4974
Guay,4974
Friday,4974
Ferro,4974
Deboer,4974
Dagostino,4974
Clemente,4974
Christ,4974
Carper,4974
Bowler,4974
Blanks,4974
Beaudry,4974
Willie,4974
Towle,4974
Tafoya,4974
Stricklin,4974
Strader,4974
Soper,4974
Sonnier,4974
Sigmon,4974
Schenk,4974
Saddler,4974
Rodman,4974
Pedigo,4974
Mendes,4974
Lunn,4974
Lohr,4974
Lahr,4974
Kingsbury,4974
Jarman,4974
Hume,4974
Holliman,4974
Hofmann,4974
